name,pregnancies,glucose,blood_pressure,skin_thickness,insulin,bmi,diabetes_pedigree_function,genetic_risk,age,prediction,probability
Mythish,10.0,150.0,75.0,35.0,0.0,33.6,0.65,1.0,40.0,Diabetic,0.7733333333333333
yaj,1.0,100.0,70.0,20.0,80.0,25.0,0.5,0.0,30.0,Not Diabetic,0.05
kapilan,,,,,,,,,,,
yajju,2.0,104.0,74.0,17.0,75.0,25.03,0.53,1.0,25.0,Not Diabetic,0.0566666666666666
Myna,1.0,100.0,66.0,23.0,47.0,25.0,0.5,0.0,19.0,Not Diabetic,0.0133333333333333
jai,0.0,90.0,70.0,19.0,80.0,30.0,0.5,0.0,78.0,Not Diabetic,0.2866666666666667
Akii,5.0,92.0,63.0,25.0,87.0,24.95,0.43,1.0,33.0,Not Diabetic,0.0366666666666666
Abi,0.0,78.0,87.0,35.0,90.0,35.0,0.97,1.0,39.0,Not Diabetic,0.37666666666666665
